"username00@kenzan.com",963331366905,"$2a$12$twdz/kxDzRuiGu86lp0tGuL9DA0xpnt6ellec.i/oqhVnJRZX.EDi",0b3bd32c-5b11-4259-a550-81429687e5dc
"username01@kenzan.com",1017314982394,"$2a$12$pTLrRXOS2iqwLezZVASY5uaOzU68HQM33keh7g2wLOqlvkUyGQ8hC",6a4548d5-5da0-4cfa-bf50-8d9a24f572b3
"username02@kenzan.com",597550952982,"$2a$12$OEyixLCXMlnbvNug.sTUw.K//V3vHCcnTneoP8q7w0.AHv0Ek4cni",13e31639-c111-4a06-aa2f-f5809b1cc879
"username03@kenzan.com",171569456955,"$2a$12$jHwY73GihlyIM.FMH/CR4uLrJ9oD3Z3nQ4bDLH53XSL9c8S8i2yPO",7d47624d-80ac-4209-979e-98db64e3658a
"username04@kenzan.com",329589578874,"$2a$12$sigpROleflpfBZGChyejbOpvkf7Nye5MufRsaXUtlUEEnupCLdUbK",caaeabe0-fb26-434f-99ff-1251854c7196
"username05@kenzan.com",951479319059,"$2a$12$2tyHd1/M3pdDh5ldnl2FZO3FtDpReDz8Y7FYfeDWy1NRE8y5mNbZW",9ed0d9f5-f58e-47a8-82d9-8e71f885d818
"username06@kenzan.com",1148976424440,"$2a$12$RiGjyhaHx/tniX14AqbiWuYO4VRiJyzdC4iD4QI19khRsYiwdXvpa",de6c98fb-13f9-4329-a29c-7a0d353d1885
"username07@kenzan.com",406862617953,"$2a$12$jH5dB/syzG4xvVMKWQCV4eut7EfcTjJK0d65nIJ.nsRF9v9bdpCHy",74334f58-21a4-4d85-88d5-3cb2a56b5eb9
"username08@kenzan.com",1132624908067,"$2a$12$iPImXI.OjMotUzCIPJY3ZONlXF7CFlCKzl.CTZNBoTPWEpzt8NvLq",bb3fc865-2e29-4372-9d53-4dbf0c1dfaaf
"username09@kenzan.com",1129824823218,"$2a$12$C1BwDyad9pkqDdbXsaVJZuqoBF86hPOKYCWuYAy0SRtVeMKhFSZWu",96842341-73b2-41c4-bf9b-cd0d1bb401aa
"username10@kenzan.com",862484514594,"$2a$12$wkrs1ylQLeNYc2nD35LSr.keF9IKf.5/mVoe0IEciOa2tk/Ig7ltq",0a279969-f517-4837-a33b-a8390ed42347
"username11@kenzan.com",956855311161,"$2a$12$d4WNeJmFpTK82073xPul2uuItuAcQ9vgDdnMsGLADBesMIuyCfeoO",2e1f3b90-8ae3-4a60-b96f-0f599a535caa
"username12@kenzan.com",266896385922,"$2a$12$Ojq/leCDvI4yij2r3zfxRuoZx.48Cm3nBgXlmYlfHEUHPb7oLZivC",df6efee5-bcd0-446c-9a72-c41e86de811d
"username13@kenzan.com",1389576650678,"$2a$12$ESftAB3WSCZahUHle79hb.WzhEkHMQ2gbH2RnsAU4gaoQ6cVumfTi",801a0576-f65b-4791-a300-322b0f17f20b
"username14@kenzan.com",657507438684,"$2a$12$iuTc95k8tnZLKpqDCidQaeIM9DgXV9lfY2D.JZYJV.SyAsjDB54A2",b6ee05ed-47a0-4c9e-97a5-93b37eeb645e
"username15@kenzan.com",1111083803019,"$2a$12$2N26b3nxNmWKJWuPnLjDr.4vD5RFNfDRaz0DQF0yGKPnvIOAXFCHy",95666f53-1b19-4939-8eee-8801bad91b54
"username16@kenzan.com",72336970322,"$2a$12$ojrdNJg0533OtD.yt7Ocle8C3ycow.Jg.GhQTJsFS1TwMmpKJHYmK",c2ae8d71-5f9f-4805-a5d9-efced2160a47
"username17@kenzan.com",1336233058975,"$2a$12$L9qG3uj/kN6zK/a6h8YlKexnSf8lYT9qnXe/0YTKGK9h8ebN5DNf2",83d042f3-4872-410f-9f94-044c1172e378
"username18@kenzan.com",406950146405,"$2a$12$gJgxOuEDXSKYxsiqCgNKV.gjFKvgNueSpxHVVYkpVIQ3pSizrYGmK",78a6eb83-c45c-4b9e-b663-88600dbe28d4
"username19@kenzan.com",974636688534,"$2a$12$xLoq1uOMzts5ZCSaC0k5DuNYE.xojwMVcL4amnXxNmrTbievYf4QS",f798881e-f23f-4a49-84fa-2f00b7fbf225
"username20@kenzan.com",261242367345,"$2a$12$bsK1dfC.QND.spQI/DOwYOhaFQ8EyRAyL0hhfpxr1mZtSuZ88x/Wi",0990aba4-71f3-4c30-a436-1f469ffb6ee0
"username21@kenzan.com",445634144799,"$2a$12$0vPTytn3s3LoTX/dfcnaN..HNOLZ91Y7M7e69dXtBTRFFGZazNz1S",7c2ab947-f92e-4cc8-b388-b0511c855450
"username22@kenzan.com",149843665448,"$2a$12$svmr459wrlumth10.LTUiOMbT0F2zxPLFbquQjj6tUkljd0WkCFWi",1a774824-1760-4a44-be24-412c5a42888a
"username23@kenzan.com",250646376050,"$2a$12$jjJirFUY.5Mb04trOxI4D.FcYs4U7TJ1LqBHa.99oGC8rAUqhDU6.",ee7a4987-1023-41c5-8fe5-5094d08f9a35
"username24@kenzan.com",588673173566,"$2a$12$KtC2QKdh805ot1P3Qf3c.eQDrk1U.55PuJTwV91/LWHCdjjyxfqWS",34ed37cd-8ecb-4f9a-8b8d-00a9688e58e8
"username25@kenzan.com",726120932179,"$2a$12$V3uO4.uB7f0oLPq3dDsI6.DiHAml97Fh8j9nKpwYdQYlwAGgffB8G",8ff9b770-39e5-4cf0-82f7-6b73b6a63033
"username26@kenzan.com",460670042238,"$2a$12$A9xKW.IFnB3.HTsvQWiPLe.l8780mylZ9DXdCWI5VrAYb2louf.Ku",a923dcdd-5afc-4e56-ae4c-a62b6ed84d88
"username27@kenzan.com",1214447420377,"$2a$12$EVINCaFJczutv9zFNcbCQOvRk6ZDKxhTyVSDTn6YFKXytY.onJu46",5145ba2a-5b1f-4b05-8554-8c9f408337d5
"username28@kenzan.com",531898006474,"$2a$12$veaJ6nYKzi2HUmn5Wv04FuLJcJrlhx17OCSq.ZzVSHv9K7kvzuHmK",859e7efe-d979-4a7b-9bbc-cb39cf3e8804
"username29@kenzan.com",177840701849,"$2a$12$uVuAGn2T7GfO3uAlPwr6AOK8hlv8.rriuCMbJ/qslFe8C.kpLegYm",f901da7a-fb71-40e3-a042-f9f44fe74b6e
"username30@kenzan.com",657848743010,"$2a$12$oon0o7Hj7huXr9bd5yK7u.LWuMbRl5ja9Tu/FLfddpnZ0dJSTC3ZO",9010f72b-da16-4556-8c31-d32404f95c09
"username31@kenzan.com",986065161281,"$2a$12$Svjb.WFjeF.jlEtKDoT0ney1A2yHr65O8ElfiR2.mqVltgVg2dr6e",2984c3b4-ad5c-4f3f-9ee5-0ab4f0524c1f
"username32@kenzan.com",76042678662,"$2a$12$flwYImgvL1wt.6WpKEbQluqf8tBHWnAij6ianuosyQPFzaOp1sZqO",11e8eaf1-b264-4eb0-a1d7-b6d712b108e5
"username33@kenzan.com",572373841365,"$2a$12$OXCU/uVSTG8X4UOpMVqcjuoNXBQoDSH5kZXy9CiCOSPlSgBL9XqQe",1020f713-d852-49c1-bb37-d577cd89a79a
"username34@kenzan.com",457884358004,"$2a$12$W6sQmD545sFpI8aRqNOEkOTqhKvu.1QnigNivL9PMyrG3R5fC.03y",511ce7ae-e4f3-464e-b2e0-a0db44c75ed8
"username35@kenzan.com",985695458891,"$2a$12$P6w0Ju49K391ValWqDvz..4LfT5GcQGoBVVxdzDfuJsluUC8ere2K",19fe6cff-8095-4b56-b7ec-cb59756da979
"username36@kenzan.com",626452816579,"$2a$12$QOxZmPzytYrf988yJciYRu22wBAZwxdWMOeg8uOrQR/M5rcv658x2",5856b087-8962-4c2f-b5ec-824b34552cfa
"username37@kenzan.com",235630034802,"$2a$12$CTHyhuyi03eapTPiIHxNPuzp2A1KyEiaJMcbBHD5mg0QIdbe/FfLq",60b92539-4f30-432a-94fa-b5f16c0e8e84
"username38@kenzan.com",1255629029947,"$2a$12$jOZs16qwAoYbvuXbQGD65um2dTcoiJkey4jjIu5EZXPW2hbgE14/.",38a1944f-f8f5-411a-8514-4486c6354e4e
"username39@kenzan.com",805927893998,"$2a$12$CUkYltHkf3alvsawOFCzfu3RFikFCZbKcz7vqaGkfMIrdDP/WMgdu",c6c1365b-8277-405a-9a5f-301a08cb076a
"username40@kenzan.com",401508239855,"$2a$12$RNq3hwwgBGRwFdX2KkNguOXPSTvc.GDEPZBwIkQMpsFm2NIxeJdlq",19398195-9687-463a-9f55-5a3b78adf2e0
"username41@kenzan.com",1212353966018,"$2a$12$K.3R7KI97YCca07hYeetEu8J9.7q.qD6trMN28MSteGZl9ZQpzBCq",aeb3510d-e125-4ba3-96c6-919a782572db
"username42@kenzan.com",753196163436,"$2a$12$oAJ4ejw/gRvIcD3PogaQiO3QP7DTVgqwGP2E7PgSMF02p6Zo4pmNi",866e7a60-1058-4ea2-90b4-c93c51d3df83
"username43@kenzan.com",1177414748492,"$2a$12$AU6Ysul1RjQ.MmhoPp9mzeXdMojyfTLCrP8WtYU.32KTGetWj1Moq",b192fb9e-1c65-4daa-b7e3-3e8ec889ccc5
"username44@kenzan.com",635709373907,"$2a$12$tsFnnF0CPG4DkbrukfaJP.O.WZ89z0nndZFya/jO12ns4mVqQCtIO",f40f0a41-64d9-4540-a507-610f9083b695
"username45@kenzan.com",154505966211,"$2a$12$cV4I8vW4zmdkM6Otjjy3x.t9zJIwzklBv6FuLeGkf34R1GfIRIv1O",fdb3776a-8e6c-42ac-a994-624391455d0a
"username46@kenzan.com",1031074298982,"$2a$12$dNXyDWkZdgCWgm4pqg8lcujlnVsUrVGfdV3Dsbx8.wy/7CTwBOjBi",e1cccce5-ee6f-4871-8b5c-72d98f04c0d7
"username47@kenzan.com",548278911894,"$2a$12$zc5ZGskNmHLuiHvezZPPp.yca.W/zHAJFwR6gdcMZz4TMHv7XwOMa",f547f223-4ae8-4132-81e3-09ec7afc0fff
"username48@kenzan.com",98587105914,"$2a$12$sM4ew1xK/zWfnn1kU5dFyuGVx.s1tKZVwU/UCyn0xRMtwuvScJIeW",587046ad-40d1-4116-8569-b00670cb4f6b
"username49@kenzan.com",1263969532475,"$2a$12$WbKv.VVWLX9.Qq.fIwTvK.Nh3warlp8ARd05S4jJkJkg1tj4LA592",25e189bf-c4a2-41ec-8bc6-d6cd141de267
"username50@kenzan.com",423095306241,"$2a$12$vYv4mMhai.mpnjZ7ZGoVvOucgK21qhWnKJ59pEdRObgYd8ICSGN.m",749090ad-a14d-4e30-bfe6-ed833c640925
"username51@kenzan.com",1098631405349,"$2a$12$ze9qBhVy9A2xidvayuI7L.9QsMe84LYmAbgYJ52SOkTjmbRp4ozuC",b4ee16e5-0f99-466b-a74d-739ea19fd7ff
"username52@kenzan.com",91649678531,"$2a$12$da39mhNnvmhqmRSA9D41MOHyeyTh0GaJHHapRs5OsgJlvLk4Ie9/u",12e6a506-5e1d-4137-96d1-aa3147465d7f
"username53@kenzan.com",527316613498,"$2a$12$HKSqjwjbucrWU2nbdEbqSeEd.uzB6MbtXF25Pzjt24D/b34RAkMki",435669ee-7b90-4d8a-acbe-6bab083109b0
"username54@kenzan.com",267595086406,"$2a$12$C7dsK.ZbhMfY1/joazA/wOEEiQVH0gI5Rr7NiYpHNiLflqGnPopOS",2fa857b4-4408-43f2-9f91-e4c1667ef7fe
"username55@kenzan.com",1403633680647,"$2a$12$79YeH4v4UPXd/PmqqOtbpu51if7TwtMdI.hCO41TrQAMLUJTZbbpS",3d9f468a-695d-4614-96c4-cdcaab1bf282
"username56@kenzan.com",1166318017208,"$2a$12$RtYlKRRLu00bNXy/4PqcyeQDoskF1Tqra7gZd2QRqKMdD6T9feGSa",6e5e60eb-1470-416b-b81d-cb7c41c5e2e9
"username57@kenzan.com",366459360080,"$2a$12$81np0z1DFB7gtVyRAAAV3.0MQ7mKrtNcVEi6LQajjX0fSbcLpy8/C",91d0cd7f-387b-4031-8005-64147396e680
"username58@kenzan.com",1408056916565,"$2a$12$eOY5F/9.ANs/AN4YxxwVXOo2uDMt5A/T.6xrKQvpADChJULMHKmFy",839faf6b-d92e-424f-87ce-a1a947ab8843
"username59@kenzan.com",381956203420,"$2a$12$w0n76pWGOKbg0JlFhp6.wOjyj0KgFlGIgL1UCJzWaGw/ulTUR0NiW",c5863782-8805-433c-ae0a-bc74d511be41
"username60@kenzan.com",793602458181,"$2a$12$oM.EbrcXuw8ucNIegLuJvevYztbyOR6ywKt8eyuAt2dcwhBi2cnMS",9855a00f-6084-4fee-a00f-2261752c9f5d
"username61@kenzan.com",51811601669,"$2a$12$JXeHPvoV10/lUOvm8sn4tOAB3.PZqjjxGy7ft2DB7pFEkvAg9SxGK",ab1c6525-1864-4c49-957a-ccf669df5dab
"username62@kenzan.com",614033309033,"$2a$12$CmMzliVWR93s10jPstSsg./pFJc0xMWs1UB27BrhY7Y9cdB2.sua2",62c5219d-fec1-4d94-aa38-0a9bceb79f5f
"username63@kenzan.com",107023039910,"$2a$12$RD93vnXU2AAFgL58mVWB3ey8aIeicxCYhCN202IYYhaQjOT7HsHAG",338fed8f-aac7-436a-bdd6-6e23144c16f0
"username64@kenzan.com",466231906683,"$2a$12$xH.1lePln1UJdpM37EaPqOgRAHmdiQ2utyJ220NtUYWLIAvVb5Rjq",35c4c935-63d9-49e1-9cf3-c8eaf60013b4
"username65@kenzan.com",1170513584462,"$2a$12$W/Wirp4emvkmb.WapgLKZe/XzToMk4r0xhBVuYiGL7g8mLgcMDUvi",000af85a-0647-4460-a4d4-cb95076c5aa9
"username66@kenzan.com",9338018238,"$2a$12$0B1jVA42uIwvNLBamz8PP.fluHOzvS8ttiAA/kn.AvTIA9c7R4VWG",6c9f5b3c-6bd9-4385-a99e-4274a8131f46
"username67@kenzan.com",308723427503,"$2a$12$jlCRyUcrMADDPaYN7cyXbeAhGtsIjQW3cGRfv1tUbcOxWxBT0Bg/e",bf64cade-7061-463a-b397-908446053e02
"username68@kenzan.com",1226062159592,"$2a$12$HdApzz569PXWt8Idbhu6Cux.h2PFeGu2pqvxKuGu4OTWNbeXrQCza",18186f3c-1f96-4c0e-9691-9150c4aa3395
"username69@kenzan.com",392527559154,"$2a$12$wVGjZpArUXAQ3iTWti388ebITXMsdeX7VaVCZv9gn/.OkALp7uIWW",09566dd4-f201-415d-bce5-dbd73a6ed2db
"username70@kenzan.com",12908692578,"$2a$12$iZEmXek8MWeRsyHhTF6fm.A15kh/BZ1GaSOJHrheiLeURPkl4/UIy",57b606f8-90e5-46a3-b984-e7982929348e
"username71@kenzan.com",177746530700,"$2a$12$jhiAM4gseQkATKmzOBx/l.UhOftKQNKatCiwHcJFORwcFeo5VSK4K",4607cc9c-e5a5-4a04-8cb4-647aaf6f625d
"username72@kenzan.com",199220809639,"$2a$12$NlIMnZyFC9jWalVys3mUPeYB0OH3JcpgyLQIzs76KcgGPMEStd4ye",68cc1a3f-a2b7-4bbc-9f01-a276d1d20961
"username73@kenzan.com",837149434185,"$2a$12$yN0gdHyRnd.wSvjcgfrHw.84rQHb74kNUmPODmLdQNYfTmeFLmqS6",6c460572-d3f9-4a59-9390-26b74c3fafaf
"username74@kenzan.com",1042247648790,"$2a$12$4Eal.QeccP7T8TvkHqbpUOB51bgFaxwE1rHm4x2sWNUG4tAvaTD5i",6ae18b0b-96ac-4a30-857a-6b8087822fb1
"username75@kenzan.com",735729248627,"$2a$12$JMV6gPPK1MFg9F73lRHlR.ly5ZeqOwGYuHdY2Iup07i7Sh0Qiu4LW",da43eeda-3e13-40a9-81f2-4e1e8b693307
"username76@kenzan.com",1201074459635,"$2a$12$j8XibEKaxaWvCDpg3r4ZreaCBuKNqCcibyeiUrj5yACj6.H8cPS/y",c03060d5-8490-401c-9ced-c06e7e0abd83
"username77@kenzan.com",554275520805,"$2a$12$Lt3M8VmkwQpOfRVYFEW0FO7T7F0kXyHMcEH2I.WK7WIObThrDumAu",7d328076-29ee-4c4c-8da8-b16a4f8ef54b
"username78@kenzan.com",382310634151,"$2a$12$Uwi2DBIU9pozS.oM60ZONOlsUktz2GNNzYmzxfGmttj06jIigVf0K",e2e6f124-95db-4a3c-9cdd-a7dc33509b5d
"username79@kenzan.com",591781907917,"$2a$12$hmlyCvLoMeV0nFcFkVCbO.R1BTf49ifpfZhFhy/xc8SgChNlTZdDy",90fbad71-32cf-4f00-a2b2-0275231f5125
"username80@kenzan.com",896703036500,"$2a$12$YXwjFet2GGjbITyezqWZuOC/jW.WrGyWl83.FLiElyk4aIABMpHs.",1983e939-c4d3-452f-b665-81b0eb9342a6
"username81@kenzan.com",561161399716,"$2a$12$9DF4BoYGboUMT6FOViicBeKb3g2KA/QTBkZdm7LeId/X8X1zIrWf2",19275706-a111-4370-a354-d7c696adcb38
"username82@kenzan.com",1411428102975,"$2a$12$eCsvsJs2rCKmTN843QtHL.AioDZBGIPdPV.opTQeooWYhGfNkYOrS",7c199310-3185-40cb-92e9-de9618f1b862
"username83@kenzan.com",827061897425,"$2a$12$ygZ0mUAqifz61txAcMaT3elo9mBlieB5hTzG.NiC7skJwc74jvtIa",21fdd7e7-96d1-4a0c-babb-8a3c79929380
"username84@kenzan.com",745172764389,"$2a$12$JEIH8u6HeKv2CfPkcyDUhu3ZtJyy.aeacTKt9TRMGlKKw/bGRQuUi",2427fba2-05b1-485a-880a-2bb9991d8c62
"username85@kenzan.com",720902543998,"$2a$12$R6jiODb5a0wO2bgq.nRFseSZatX/ZrwUanFOdWztEhIku6emnntw.",68ce22e2-07d9-4bcd-bf3e-243d0a715137
"username86@kenzan.com",1232105300563,"$2a$12$qG8llvO21iHp3qSPKHBxk.QwgLmFVs0SZPPJwbWzmOIiJOtv3e3qm",9dece19d-2d98-49c4-9dd4-3b46867963f6
"username87@kenzan.com",877636226429,"$2a$12$.QAblkOYZjvr46ddoSy0XezJq9Bf7vBIldbi5e.lNfEUg2UHRPX9G",b2aebb9f-ae9d-459e-bd49-8b24c63c24b7
"username88@kenzan.com",477679502479,"$2a$12$Hu0XxR4gjd21TNhKNaAP/.8zk8Nzr0ire9VAD6PuwvdrjPXIGj2KW",131b34fb-98ba-48ca-8707-4b826adba5cf
"username89@kenzan.com",789072797418,"$2a$12$TUXdQNTiM2TJox7YrgYww.pn/P7D6gaNZ07eveCaj6NYxw4Xsro5O",cfd5e0fe-1aeb-46c1-9052-babf06a1b121
"username90@kenzan.com",999415270280,"$2a$12$EePS4Nub5YjUvvMuRJ5hCOkr/enwUVXurDbFk47mV71l39ESNimSe",797da1d8-ff35-4863-a3bc-46f9488c17cb
"username91@kenzan.com",499770245889,"$2a$12$ON3JjGzOjM6lGcx8Vxp2U.97MKE6br/T5eNwh/2pwrmslnXQoZZ7O",63b29172-8422-4282-87f1-788e681a40d4
"username92@kenzan.com",933380374488,"$2a$12$zBUzkB41y0oL2Y6TzmOxvuVsUu4Bx1RxJ.TKt7NZZCYExpWHSyaF6",952b08b6-8068-4917-ac8a-9e1db40ece35
"username93@kenzan.com",900067742303,"$2a$12$xJwPEaFllvhGYh.g4DYH.uFrJh5fbUdEmn3YRjG..ivNGt4C45K7y",24e9b771-29c3-4d74-bc79-0723f48554c6
"username94@kenzan.com",853234013533,"$2a$12$xJwPEaFllvhGYh.g4DYH.uFrJh5fbUdEmn3YRjG..ivNGt4C45K7y",7bbb4f21-dcc1-4fb5-8cf4-e5ddd50533f0
"username95@kenzan.com",780531857095,"$2a$12$0JgIizjo1mA7D0mUHMIXmuLFk2WVWzoYeYuIun.K8jFGTVfACAODK",463b661d-55ab-4be9-90bc-1c92d522cc03
"username96@kenzan.com",1426824721202,"$2a$12$Jb1QYKdGbEr/P8/.w4Aim.qyRAoEHeXmFliBCXEqHm47sITKgzaLG",1588ccc3-106e-465d-b9ab-d74d9e02e2be
"username97@kenzan.com",1174394345996,"$2a$12$6co4KJtLCbCtgqZGt2t.T.6T/Ul/HVzA4uHf/JnKDvce8IhIUdwCW",b0c27ac0-3a91-4319-840e-30ac3ccc939b
"username98@kenzan.com",21802310884,"$2a$12$.qbSvetzNX512VX9fDbOPuiz5O5DEbwP1YTQKHD0xuYxMdSFgvrRq",ff0bd63c-084d-4c3b-9e62-c8352f449335
"username99@kenzan.com",1313850459196,"$2a$12$uZJKM9ezqU5.PKhZylAQPe/OdXjhwBKKowI8wKos2eNrFifx6wREC",11fcf1ca-79c9-4b2b-bcf5-4a73a8dfd35f
